User name,AWS access key,Event time,Event source,Event name,AWS region,Source IP address,User agent,Error code,Resources,Request ID,Event ID,Read-only,Event type,Recipient Account Id,Event category
,,2022-11-09T00:18:18Z,cognito-idp.amazonaws.com,CognitoAuthentication,us-east-1,2600:1700:7b54:130:e180:b9ff:e393:42fa,"Mozilla/5.0 (Macintosh; Intel Mac OS X 10_15_7) AppleWebKit/537.36 (KHTML, like Gecko) Chrome/107.0.0.0 Safari/537.36",,[],f5b4f239-5137-412d-993f-d3e23bf09d62,558b35f4-83dc-4100-b100-a545b65d7813,false,AwsServiceEvent,274815321855,Management
,,2022-11-09T00:16:10Z,cognito-idp.amazonaws.com,CognitoAuthentication,us-east-1,2600:1700:7b54:130:e180:b9ff:e393:42fa,"Mozilla/5.0 (Macintosh; Intel Mac OS X 10_15_7) AppleWebKit/537.36 (KHTML, like Gecko) Chrome/107.0.0.0 Safari/537.36",,[],32d38174-a754-4843-8b45-5fd903183e4b,d3a2c95a-4605-411d-b038-108ad7ed2bec,false,AwsServiceEvent,274815321855,Management
,,2022-11-09T00:15:32Z,cognito-idp.amazonaws.com,CognitoAuthentication,us-east-1,2600:1700:7b54:130:e180:b9ff:e393:42fa,"Mozilla/5.0 (Macintosh; Intel Mac OS X 10_15_7) AppleWebKit/537.36 (KHTML, like Gecko) Chrome/107.0.0.0 Safari/537.36",,[],ee44dfa6-635f-40ae-9892-d7034d328167,dfd13c71-2191-4283-87a9-5781c61b0075,false,AwsServiceEvent,274815321855,Management
,,2022-11-09T00:15:19Z,cognito-idp.amazonaws.com,CognitoAuthentication,us-east-1,2600:1700:7b54:130:e180:b9ff:e393:42fa,"Mozilla/5.0 (Macintosh; Intel Mac OS X 10_15_7) AppleWebKit/537.36 (KHTML, like Gecko) Chrome/107.0.0.0 Safari/537.36",,[],b7639aa0-108f-4176-9123-1ad077b75e48,5c23b621-583a-49cf-9829-da89e0427497,false,AwsServiceEvent,274815321855,Management
,,2022-11-09T00:14:47Z,cognito-idp.amazonaws.com,CognitoAuthentication,us-east-1,2600:1700:7b54:130:e180:b9ff:e393:42fa,"Mozilla/5.0 (Macintosh; Intel Mac OS X 10_15_7) AppleWebKit/537.36 (KHTML, like Gecko) Chrome/107.0.0.0 Safari/537.36",,[],0209b29c-d125-4a32-bcf9-a2053143f70f,d7f7d447-15e2-4f4d-b438-47ae3bd34734,false,AwsServiceEvent,274815321855,Management
,,2022-11-09T00:14:37Z,cognito-idp.amazonaws.com,CognitoAuthentication,us-east-1,2600:1700:7b54:130:e180:b9ff:e393:42fa,"Mozilla/5.0 (Macintosh; Intel Mac OS X 10_15_7) AppleWebKit/537.36 (KHTML, like Gecko) Chrome/107.0.0.0 Safari/537.36",,[],6449b5b6-eae4-4dea-961c-fa00ad34854a,79226d50-a757-451c-95a8-db12dea88a84,false,AwsServiceEvent,274815321855,Management
,,2022-11-09T00:14:25Z,cognito-idp.amazonaws.com,CognitoAuthentication,us-east-1,2600:1700:7b54:130:e180:b9ff:e393:42fa,"Mozilla/5.0 (Macintosh; Intel Mac OS X 10_15_7) AppleWebKit/537.36 (KHTML, like Gecko) Chrome/107.0.0.0 Safari/537.36",,[],07ec8e12-23de-4c59-88ee-ce422aecffd6,499e47d0-d443-40e3-a8c1-a0282fb4398f,false,AwsServiceEvent,274815321855,Management
,,2022-11-09T00:13:33Z,cognito-idp.amazonaws.com,CognitoAuthentication,us-east-1,2600:1700:7b54:130:e180:b9ff:e393:42fa,"Mozilla/5.0 (Macintosh; Intel Mac OS X 10_15_7) AppleWebKit/537.36 (KHTML, like Gecko) Chrome/107.0.0.0 Safari/537.36",,[],279dbfc1-22ec-4f63-94d0-bad016a80358,d8eaa0bf-312e-4b06-9201-78c020bbd934,false,AwsServiceEvent,274815321855,Management
,,2022-11-09T00:13:27Z,cognito-idp.amazonaws.com,CognitoAuthentication,us-east-1,2600:1700:7b54:130:e180:b9ff:e393:42fa,"Mozilla/5.0 (Macintosh; Intel Mac OS X 10_15_7) AppleWebKit/537.36 (KHTML, like Gecko) Chrome/107.0.0.0 Safari/537.36",,[],14fec22b-3b89-40e0-b9e1-9958b6ddd542,33a55d19-452c-47d1-9231-b3043a3a75e0,false,AwsServiceEvent,274815321855,Management
,,2022-11-09T00:12:54Z,cognito-idp.amazonaws.com,CognitoAuthentication,us-east-1,2600:1700:7b54:130:e180:b9ff:e393:42fa,"Mozilla/5.0 (Macintosh; Intel Mac OS X 10_15_7) AppleWebKit/537.36 (KHTML, like Gecko) Chrome/107.0.0.0 Safari/537.36",,[],7873e09e-1f96-4464-a325-9d6cbaaa9778,1c62efbc-a9d3-4a91-88fa-fdf1be0d0ba6,false,AwsServiceEvent,274815321855,Management
,,2022-11-09T00:03:41Z,cognito-idp.amazonaws.com,CognitoAuthentication,us-east-1,2600:1700:7b54:130:e180:b9ff:e393:42fa,"Mozilla/5.0 (Macintosh; Intel Mac OS X 10_15_7) AppleWebKit/537.36 (KHTML, like Gecko) Chrome/107.0.0.0 Safari/537.36",,[],8ba7704d-75b5-42b2-a22f-6dcc71fc574b,63afd24d-0b89-4fbc-ba37-6cd1e1c90d3f,false,AwsServiceEvent,274815321855,Management
,,2022-11-07T18:08:13Z,cognito-idp.amazonaws.com,CognitoAuthentication,us-east-1,174.203.212.158,"Mozilla/5.0 (Macintosh; Intel Mac OS X 10_15_7) AppleWebKit/537.36 (KHTML, like Gecko) Chrome/106.0.0.0 Safari/537.36",,[],a4964d48-729d-4a20-bdb2-fb0482b3d792,28111b35-0377-4802-9f0f-63d89d40cf22,false,AwsServiceEvent,274815321855,Management
,,2022-11-07T18:01:18Z,cognito-idp.amazonaws.com,CognitoAuthentication,us-east-1,174.203.212.158,"Mozilla/5.0 (Macintosh; Intel Mac OS X 10_15_7) AppleWebKit/537.36 (KHTML, like Gecko) Chrome/106.0.0.0 Safari/537.36",,[],df38fc60-e457-4388-9ef3-244d40d13377,451d0458-56bc-46fc-a554-06170bb6ebbd,false,AwsServiceEvent,274815321855,Management
,,2022-11-07T17:54:37Z,cognito-idp.amazonaws.com,CognitoAuthentication,us-east-1,174.203.212.158,"Mozilla/5.0 (Macintosh; Intel Mac OS X 10_15_7) AppleWebKit/537.36 (KHTML, like Gecko) Chrome/106.0.0.0 Safari/537.36",,[],cb00b23c-fc92-45cf-81c5-0622b763fbe5,4eeff93b-72fd-4f4f-a2a2-b8d294f42c8f,false,AwsServiceEvent,274815321855,Management
,,2022-11-03T19:02:36Z,cognito-idp.amazonaws.com,CognitoAuthentication,us-east-1,198.21.180.191,"Mozilla/5.0 (Macintosh; Intel Mac OS X 10_15_7) AppleWebKit/537.36 (KHTML, like Gecko) Chrome/106.0.0.0 Safari/537.36",,[],f0373365-cbbe-45f0-bd98-854f2c0dea1f,8ad35e47-8276-4c40-9b4c-d15039c79fc1,false,AwsServiceEvent,274815321855,Management
,,2022-11-03T18:57:42Z,cognito-idp.amazonaws.com,CognitoAuthentication,us-east-1,198.21.180.191,"Mozilla/5.0 (Macintosh; Intel Mac OS X 10_15_7) AppleWebKit/537.36 (KHTML, like Gecko) Chrome/106.0.0.0 Safari/537.36",,[],471767dd-2383-4501-abe1-4b18ac6f9c92,e6452239-0f11-4af4-a836-f5511f6ae2bb,false,AwsServiceEvent,274815321855,Management
,,2022-11-03T18:41:27Z,cognito-idp.amazonaws.com,CognitoAuthentication,us-east-1,198.21.179.195,"Mozilla/5.0 (Windows NT 10.0; Win64; x64) AppleWebKit/537.36 (KHTML, like Gecko) Chrome/107.0.0.0 Safari/537.36",,[],531f7d22-c872-4b2c-83d5-6068ba5f76bc,d59a4eae-e4ee-4e70-bfa9-50ca8a5e3df1,false,AwsServiceEvent,274815321855,Management
,,2022-11-03T18:40:56Z,cognito-idp.amazonaws.com,CognitoAuthentication,us-east-1,198.21.173.54,Mozilla/5.0 (Macintosh; Intel Mac OS X 10.15; rv:105.0) Gecko/20100101 Firefox/105.0,,[],723a3215-0bf4-4882-be5b-69af092be956,74d28584-b513-4ce5-8b41-3873775a6d48,false,AwsServiceEvent,274815321855,Management
,,2022-11-03T16:03:09Z,cognito-idp.amazonaws.com,CognitoAuthentication,us-east-1,64.189.45.31,"Mozilla/5.0 (Windows NT 10.0; Win64; x64) AppleWebKit/537.36 (KHTML, like Gecko) Chrome/107.0.0.0 Safari/537.36",,[],eaae475a-9101-4c5e-9895-2f66a02a09b0,8aa44df9-87a7-4d27-844b-7cdb3c47e913,false,AwsServiceEvent,274815321855,Management
,,2022-11-01T20:08:26Z,cognito-idp.amazonaws.com,CognitoAuthentication,us-east-1,198.21.220.81,"Mozilla/5.0 (Macintosh; Intel Mac OS X 10_15_7) AppleWebKit/537.36 (KHTML, like Gecko) Chrome/106.0.0.0 Safari/537.36",,[],3bc4e633-65d4-46a9-8dd3-7160f4292e37,a72f4427-bb90-4ea1-bba4-c9358cd527a0,false,AwsServiceEvent,274815321855,Management
,,2022-11-01T20:08:12Z,cognito-idp.amazonaws.com,CognitoAuthentication,us-east-1,198.21.220.81,"Mozilla/5.0 (Macintosh; Intel Mac OS X 10_15_7) AppleWebKit/537.36 (KHTML, like Gecko) Chrome/106.0.0.0 Safari/537.36",,[],57b2c281-8deb-4dd2-a773-4320169af8df,70ca6427-719b-4143-a9b5-bceac1319f5b,false,AwsServiceEvent,274815321855,Management
,,2022-10-30T16:48:22Z,cognito-idp.amazonaws.com,CognitoAuthentication,us-east-1,64.189.45.31,"Mozilla/5.0 (Windows NT 10.0; Win64; x64) AppleWebKit/537.36 (KHTML, like Gecko) Chrome/107.0.0.0 Safari/537.36",,[],fae62c72-5be1-4e02-befe-0253378ebff9,01c6189e-f9b7-43e2-8841-f21b6403853b,false,AwsServiceEvent,274815321855,Management
,,2022-10-27T19:36:02Z,cognito-idp.amazonaws.com,CognitoAuthentication,us-east-1,198.21.217.252,"Mozilla/5.0 (Macintosh; Intel Mac OS X 10_15_7) AppleWebKit/537.36 (KHTML, like Gecko) Chrome/106.0.0.0 Safari/537.36",,[],4c19741e-2bea-4991-9f00-229ac2efe923,4ee375c8-dc19-402c-831c-6eff0b1f4653,false,AwsServiceEvent,274815321855,Management
,,2022-10-27T18:31:35Z,cognito-idp.amazonaws.com,CognitoAuthentication,us-east-1,198.21.177.62,"Mozilla/5.0 (Macintosh; Intel Mac OS X 10_15_7) AppleWebKit/537.36 (KHTML, like Gecko) Chrome/106.0.0.0 Safari/537.36",,[],82852416-7f7c-414c-be15-3bf0bedebc72,b2ccfe97-692b-4782-bd8b-1781ce8a57be,false,AwsServiceEvent,274815321855,Management
,,2022-10-27T17:51:14Z,cognito-idp.amazonaws.com,CognitoAuthentication,us-east-1,198.21.198.241,"Mozilla/5.0 (Windows NT 10.0; Win64; x64) AppleWebKit/537.36 (KHTML, like Gecko) Chrome/106.0.0.0 Safari/537.36",,[],1640db79-2802-4a2a-9d75-52b0997738ef,17d9a4f9-0259-4a3a-a5e6-a9e1dc177883,false,AwsServiceEvent,274815321855,Management
,,2022-10-25T21:05:12Z,cognito-idp.amazonaws.com,CognitoAuthentication,us-east-1,64.189.45.175,"Mozilla/5.0 (Windows NT 10.0; Win64; x64) AppleWebKit/537.36 (KHTML, like Gecko) Chrome/106.0.0.0 Safari/537.36",,[],7190e646-bb6f-404a-b55f-ebf407a0db16,c8721428-e9b3-41e4-80b8-76fd0a8decd5,false,AwsServiceEvent,274815321855,Management
,,2022-10-24T13:16:55Z,cognito-idp.amazonaws.com,CognitoAuthentication,us-east-1,198.21.177.107,"Mozilla/5.0 (Macintosh; Intel Mac OS X 10_15_7) AppleWebKit/537.36 (KHTML, like Gecko) Chrome/106.0.0.0 Safari/537.36",,[],1c57a124-3eba-41ff-b9e8-2f241c83bcc7,9e7890e3-9a7b-41f5-8d1b-60ea0ef74480,false,AwsServiceEvent,274815321855,Management
,,2022-10-20T19:22:35Z,cognito-idp.amazonaws.com,CognitoAuthentication,us-east-1,2600:1700:7b54:130:11ef:8279:9284:afd4,"Mozilla/5.0 (Macintosh; Intel Mac OS X 10_15_7) AppleWebKit/537.36 (KHTML, like Gecko) Chrome/106.0.0.0 Safari/537.36",,[],ad2b02a7-0cf7-4a23-95fa-fd86699e142b,a7bdc90b-17ee-4060-bc13-8328c52111e3,false,AwsServiceEvent,274815321855,Management
,,2022-10-20T19:19:57Z,cognito-idp.amazonaws.com,CognitoAuthentication,us-east-1,2600:1700:7b54:130:11ef:8279:9284:afd4,"Mozilla/5.0 (Macintosh; Intel Mac OS X 10_15_7) AppleWebKit/537.36 (KHTML, like Gecko) Chrome/106.0.0.0 Safari/537.36",,[],06573719-aafe-4001-842e-494ecec26e07,16c3acda-76db-4b09-8324-d39b4db88706,false,AwsServiceEvent,274815321855,Management
,,2022-10-20T19:19:42Z,cognito-idp.amazonaws.com,CognitoAuthentication,us-east-1,2600:1700:7b54:130:11ef:8279:9284:afd4,"Mozilla/5.0 (Macintosh; Intel Mac OS X 10_15_7) AppleWebKit/537.36 (KHTML, like Gecko) Chrome/106.0.0.0 Safari/537.36",,[],8b519e86-b4b6-4798-8ffc-0ed7647adafc,ccf08c94-556a-4e21-a46e-2b59862e3e9a,false,AwsServiceEvent,274815321855,Management
,,2022-10-20T19:18:51Z,cognito-idp.amazonaws.com,CognitoAuthentication,us-east-1,2600:1700:7b54:130:11ef:8279:9284:afd4,"Mozilla/5.0 (Macintosh; Intel Mac OS X 10_15_7) AppleWebKit/537.36 (KHTML, like Gecko) Chrome/106.0.0.0 Safari/537.36",,[],e12df70b-0fe0-409d-881e-0e5b0f4d0279,5617b1c0-65a2-4567-82ab-c6a90954006d,false,AwsServiceEvent,274815321855,Management
,,2022-10-20T19:18:40Z,cognito-idp.amazonaws.com,CognitoAuthentication,us-east-1,2600:1700:7b54:130:11ef:8279:9284:afd4,"Mozilla/5.0 (Macintosh; Intel Mac OS X 10_15_7) AppleWebKit/537.36 (KHTML, like Gecko) Chrome/106.0.0.0 Safari/537.36",,[],c77daded-951d-4df7-8c00-aea56059c133,08592c4b-4411-4e53-b1a7-02a22e1d304b,false,AwsServiceEvent,274815321855,Management
,,2022-10-20T16:09:25Z,cognito-idp.amazonaws.com,CognitoAuthentication,us-east-1,64.189.45.31,"Mozilla/5.0 (Windows NT 10.0; Win64; x64) AppleWebKit/537.36 (KHTML, like Gecko) Chrome/106.0.0.0 Safari/537.36",,[],47876124-93d8-4fa8-9826-4c1ad20f9ccf,ecc0c487-8887-4c22-878e-666e5a1eb52f,false,AwsServiceEvent,274815321855,Management
,,2022-10-20T14:26:38Z,cognito-idp.amazonaws.com,CognitoAuthentication,us-east-1,64.189.45.31,"Mozilla/5.0 (Windows NT 10.0; Win64; x64) AppleWebKit/537.36 (KHTML, like Gecko) Chrome/106.0.0.0 Safari/537.36",,[],30514a68-3684-4daf-bd98-d346b6a98c97,bd6c6eb5-f68e-48d1-a53a-ccdaded32c9a,false,AwsServiceEvent,274815321855,Management
,,2022-10-20T14:18:56Z,cognito-idp.amazonaws.com,CognitoAuthentication,us-east-1,96.44.21.65,"Mozilla/5.0 (Macintosh; Intel Mac OS X 10_15_7) AppleWebKit/537.36 (KHTML, like Gecko) Chrome/106.0.0.0 Safari/537.36",,[],0eb0ab43-3146-4c7e-a271-ad211df66fe7,0b0de85f-642b-44be-b43b-f4d758c4ebc0,false,AwsServiceEvent,274815321855,Management
,,2022-10-20T14:14:36Z,cognito-idp.amazonaws.com,CognitoAuthentication,us-east-1,96.44.21.65,"Mozilla/5.0 (Macintosh; Intel Mac OS X 10_15_7) AppleWebKit/537.36 (KHTML, like Gecko) Chrome/106.0.0.0 Safari/537.36",,[],49efaf3f-643e-4e61-9fa3-42be95d3c682,e11f116c-6a0b-4dbd-8a30-02fb528d6eb2,false,AwsServiceEvent,274815321855,Management
,,2022-10-19T23:01:51Z,cognito-idp.amazonaws.com,CognitoAuthentication,us-east-1,64.189.45.175,"Mozilla/5.0 (Windows NT 10.0; Win64; x64) AppleWebKit/537.36 (KHTML, like Gecko) Chrome/106.0.0.0 Safari/537.36",,[],5af32362-be2d-4f4b-9ec7-dabdfc4df2e9,147ce15a-c5fd-436e-9be9-eddd39d5ed5a,false,AwsServiceEvent,274815321855,Management
,,2022-10-18T19:00:58Z,cognito-idp.amazonaws.com,CognitoAuthentication,us-east-1,198.21.180.228,"Mozilla/5.0 (Macintosh; Intel Mac OS X 10_15_6) AppleWebKit/537.36 (KHTML, like Gecko) Chrome/106.0.0.0 Safari/537.36",,[],adc9b5f2-cb29-4aa5-8615-524bef1c932e,779d1550-18ea-4faf-b1b9-d8afd296933b,false,AwsServiceEvent,274815321855,Management
,,2022-10-18T18:11:10Z,cognito-idp.amazonaws.com,CognitoAuthentication,us-east-1,198.21.224.17,"Mozilla/5.0 (iPhone; CPU iPhone OS 16_0_2 like Mac OS X) AppleWebKit/605.1.15 (KHTML, like Gecko) Version/16.0 Mobile/15E148 Safari/604.1",,[],be3f9533-f406-464e-b71b-c81c2f2d540f,8ca2ad6d-ff84-4f72-8438-7a405f764e7e,false,AwsServiceEvent,274815321855,Management
,,2022-10-18T16:49:10Z,cognito-idp.amazonaws.com,CognitoAuthentication,us-east-1,159.235.37.137,Mozilla/5.0 (Macintosh; Intel Mac OS X 10.15; rv:105.0) Gecko/20100101 Firefox/105.0,,[],3cb419c0-2023-4e9f-ab01-0440acb8faa7,972ad4c1-9639-4267-9078-62045ba3ed0a,false,AwsServiceEvent,274815321855,Management
,,2022-10-18T00:56:52Z,cognito-idp.amazonaws.com,CognitoAuthentication,us-east-1,96.44.21.65,"Mozilla/5.0 (Macintosh; Intel Mac OS X 10_15_6) AppleWebKit/537.36 (KHTML, like Gecko) Chrome/106.0.0.0 Safari/537.36",,[],7bf34ae3-e8fe-4b04-a79d-69319807d7db,27f35020-9d21-469f-ac06-b0a5f2fa79c7,false,AwsServiceEvent,274815321855,Management
,,2022-10-17T22:36:52Z,cognito-idp.amazonaws.com,CognitoAuthentication,us-east-1,64.189.45.175,"Mozilla/5.0 (Windows NT 10.0; Win64; x64) AppleWebKit/537.36 (KHTML, like Gecko) Chrome/106.0.0.0 Safari/537.36",,[],1a7e40d6-500c-43d8-a3a6-41547d35bf45,752b60ea-12f9-4818-a9fa-25c8a08dd388,false,AwsServiceEvent,274815321855,Management
,,2022-10-17T19:39:11Z,cognito-idp.amazonaws.com,CognitoAuthentication,us-east-1,198.21.176.233,"Mozilla/5.0 (Macintosh; Intel Mac OS X 10_15_6) AppleWebKit/537.36 (KHTML, like Gecko) Chrome/106.0.0.0 Safari/537.36",,[],ef4582af-4f59-48c0-979b-b9d53d41b681,42b903df-01f4-4714-880f-5f4f355594c3,false,AwsServiceEvent,274815321855,Management
,,2022-10-15T00:37:26Z,cognito-idp.amazonaws.com,CognitoAuthentication,us-east-1,67.21.186.208,"Mozilla/5.0 (Macintosh; Intel Mac OS X 10_15_7) AppleWebKit/537.36 (KHTML, like Gecko) Chrome/105.0.0.0 Safari/537.36",,[],289eaa49-6280-4fa4-accd-963a20400833,8dc6da5a-34f2-4b66-9d0c-6cb33022182d,false,AwsServiceEvent,274815321855,Management
,,2022-10-15T00:36:55Z,cognito-idp.amazonaws.com,CognitoAuthentication,us-east-1,67.21.186.208,"Mozilla/5.0 (Macintosh; Intel Mac OS X 10_15_7) AppleWebKit/537.36 (KHTML, like Gecko) Chrome/105.0.0.0 Safari/537.36",,[],c67c37ef-8ff4-4333-a69d-293aa9114d89,22ea4c30-64a5-4394-a92d-bc6dc870e8db,false,AwsServiceEvent,274815321855,Management
,,2022-10-14T23:55:34Z,cognito-idp.amazonaws.com,CognitoAuthentication,us-east-1,67.21.186.208,"Mozilla/5.0 (Macintosh; Intel Mac OS X 10_15_7) AppleWebKit/537.36 (KHTML, like Gecko) Chrome/105.0.0.0 Safari/537.36",,[],b2f96927-f103-4204-8964-eca708ea2a35,9ffa88e2-adc0-42c0-868a-1dfcdfc2f051,false,AwsServiceEvent,274815321855,Management
,,2022-10-14T23:55:18Z,cognito-idp.amazonaws.com,CognitoAuthentication,us-east-1,67.21.186.208,"Mozilla/5.0 (Macintosh; Intel Mac OS X 10_15_7) AppleWebKit/537.36 (KHTML, like Gecko) Chrome/105.0.0.0 Safari/537.36",,[],8fd12ee7-3643-482b-a295-4b2ea433b6e6,9c770ac1-dbc7-4e4f-b45e-742228bc3450,false,AwsServiceEvent,274815321855,Management
,,2022-10-13T19:05:36Z,cognito-idp.amazonaws.com,CognitoAuthentication,us-east-1,198.21.181.117,"Mozilla/5.0 (Macintosh; Intel Mac OS X 10_15_6) AppleWebKit/537.36 (KHTML, like Gecko) Chrome/106.0.0.0 Safari/537.36",,[],2f974160-a5ce-4eb9-93fd-e93cd85effdc,0e73a559-fc6f-492a-b976-a717addd4d1f,false,AwsServiceEvent,274815321855,Management
,,2022-10-13T01:20:05Z,cognito-idp.amazonaws.com,CognitoAuthentication,us-east-1,64.189.45.97,"Mozilla/5.0 (iPhone; CPU iPhone OS 16_0_2 like Mac OS X) AppleWebKit/605.1.15 (KHTML, like Gecko) Version/16.0 Mobile/15E148 Safari/604.1",,[],d6be229d-ae34-42fc-9951-a6679f143547,190b4d20-9540-437e-972a-fe71a13fbc2d,false,AwsServiceEvent,274815321855,Management
,,2022-10-11T18:33:29Z,cognito-idp.amazonaws.com,CognitoAuthentication,us-east-1,198.21.177.122,"Mozilla/5.0 (Macintosh; Intel Mac OS X 10_15_6) AppleWebKit/605.1.15 (KHTML, like Gecko) Version/13.1.2 Safari/605.1.15",,[],12dfd9b3-618b-4360-82eb-a2607bd62fae,43007f0a-83f1-4a38-a264-49d6bf3b3edd,false,AwsServiceEvent,274815321855,Management
,,2022-10-10T19:28:46Z,cognito-idp.amazonaws.com,CognitoAuthentication,us-east-1,2600:1700:7b54:130:c05b:66f9:6700:1a57,"Mozilla/5.0 (Macintosh; Intel Mac OS X 10_15_7) AppleWebKit/537.36 (KHTML, like Gecko) Chrome/105.0.0.0 Safari/537.36",,[],3473e2ca-cc6e-41da-a5dc-b0340be07e53,da234a6b-4e49-4bdd-934a-b1f6a7e06f54,false,AwsServiceEvent,274815321855,Management
,,2022-10-10T19:27:53Z,cognito-idp.amazonaws.com,CognitoAuthentication,us-east-1,2600:1700:7b54:130:c05b:66f9:6700:1a57,"Mozilla/5.0 (Macintosh; Intel Mac OS X 10_15_7) AppleWebKit/537.36 (KHTML, like Gecko) Chrome/105.0.0.0 Safari/537.36",,[],fc18a7c1-34ef-41fc-a79f-6d97280d624a,0e0f2db8-3317-4498-b198-86ab43d78baa,false,AwsServiceEvent,274815321855,Management
,,2022-10-10T19:10:13Z,cognito-idp.amazonaws.com,CognitoAuthentication,us-east-1,2600:1700:7b54:130:c05b:66f9:6700:1a57,"Mozilla/5.0 (Macintosh; Intel Mac OS X 10_15_7) AppleWebKit/537.36 (KHTML, like Gecko) Chrome/105.0.0.0 Safari/537.36",,[],d1ff025e-1f84-4109-95e4-7cad11f610b5,7f3fa1e5-1ce3-4bdb-b29f-4a432e08280a,false,AwsServiceEvent,274815321855,Management
,,2022-10-10T17:28:38Z,cognito-idp.amazonaws.com,CognitoAuthentication,us-east-1,198.21.178.194,"Mozilla/5.0 (Macintosh; Intel Mac OS X 10_15_6) AppleWebKit/605.1.15 (KHTML, like Gecko) Version/13.1.2 Safari/605.1.15",,[],c67a07e7-974e-4384-a6c7-2ecbb241ad62,1aab0741-5f2b-4a51-b0f7-057f86ea5929,false,AwsServiceEvent,274815321855,Management
,,2022-10-10T17:27:54Z,cognito-idp.amazonaws.com,CognitoAuthentication,us-east-1,198.21.178.194,"Mozilla/5.0 (Macintosh; Intel Mac OS X 10_15_6) AppleWebKit/605.1.15 (KHTML, like Gecko) Version/13.1.2 Safari/605.1.15",,[],4e170fdf-8a18-4ef9-ba3f-65339692f849,207d2a5b-351b-4808-a5a5-514ea2f382bf,false,AwsServiceEvent,274815321855,Management
,,2022-10-10T14:59:28Z,cognito-idp.amazonaws.com,CognitoAuthentication,us-east-1,198.21.217.69,"Mozilla/5.0 (Macintosh; Intel Mac OS X 10_15_7) AppleWebKit/537.36 (KHTML, like Gecko) Chrome/105.0.0.0 Safari/537.36",,[],ca7a7703-1477-4731-8f82-b23b441dab94,38cace54-c262-41d8-b3d8-4761bc62160c,false,AwsServiceEvent,274815321855,Management
,,2022-10-09T20:25:22Z,cognito-idp.amazonaws.com,CognitoAuthentication,us-east-1,2600:1700:7b54:130:a009:1802:4414:1e74,"Mozilla/5.0 (Macintosh; Intel Mac OS X 10_15_7) AppleWebKit/537.36 (KHTML, like Gecko) Chrome/105.0.0.0 Safari/537.36",,[],85b82b2b-ee4a-43d0-a2be-b8f69417d809,bcbc4877-6189-4df0-a475-db3e6f4636bf,false,AwsServiceEvent,274815321855,Management
,,2022-10-09T20:23:04Z,cognito-idp.amazonaws.com,CognitoAuthentication,us-east-1,2600:1700:7b54:130:a009:1802:4414:1e74,"Mozilla/5.0 (Macintosh; Intel Mac OS X 10_15_7) AppleWebKit/537.36 (KHTML, like Gecko) Chrome/105.0.0.0 Safari/537.36",,[],bbd5b419-6415-491f-bbab-1b83031b67f1,83e9e81e-a664-4b3d-8879-d95e8e0bf329,false,AwsServiceEvent,274815321855,Management
,,2022-10-09T18:15:06Z,cognito-idp.amazonaws.com,CognitoAuthentication,us-east-1,2600:1700:7b54:130:a009:1802:4414:1e74,"Mozilla/5.0 (Macintosh; Intel Mac OS X 10_15_7) AppleWebKit/537.36 (KHTML, like Gecko) Chrome/105.0.0.0 Safari/537.36",,[],1c841c2b-6c47-47cd-a0cd-366295cfaf08,3383364c-b778-4277-a4b2-f665ac0337e7,false,AwsServiceEvent,274815321855,Management
,,2022-10-08T16:18:10Z,cognito-idp.amazonaws.com,CognitoAuthentication,us-east-1,96.44.21.65,"Mozilla/5.0 (Macintosh; Intel Mac OS X 10_15_6) AppleWebKit/537.36 (KHTML, like Gecko) Chrome/105.0.0.0 Safari/537.36",,[],7f31849f-e62e-436e-948e-3154c322bdae,51702f0e-4596-44dc-8510-ae158d1384ef,false,AwsServiceEvent,274815321855,Management
,,2022-10-06T20:25:08Z,cognito-idp.amazonaws.com,CognitoAuthentication,us-east-1,198.21.168.76,"Mozilla/5.0 (Windows NT 10.0; Win64; x64) AppleWebKit/537.36 (KHTML, like Gecko) Chrome/105.0.0.0 Safari/537.36",,[],6e1a0a5b-a755-424e-a0de-75b116b253b4,b5f54f44-2387-422a-b3ca-db9d3153e5b3,false,AwsServiceEvent,274815321855,Management
,,2022-10-05T17:02:38Z,cognito-idp.amazonaws.com,CognitoAuthentication,us-east-1,198.21.223.36,"Mozilla/5.0 (Macintosh; Intel Mac OS X 10_15_7) AppleWebKit/537.36 (KHTML, like Gecko) Chrome/105.0.0.0 Safari/537.36",,[],256f305a-c796-447e-9b1f-0c688fd1465e,c2abe831-aeb9-4dc1-ae53-6022e8b064be,false,AwsServiceEvent,274815321855,Management
,,2022-10-05T17:01:41Z,cognito-idp.amazonaws.com,CognitoAuthentication,us-east-1,198.21.223.36,"Mozilla/5.0 (Macintosh; Intel Mac OS X 10_15_7) AppleWebKit/537.36 (KHTML, like Gecko) Chrome/105.0.0.0 Safari/537.36",,[],7814456e-c3b9-4fd1-bbb7-3f0970c213df,afc948a7-f274-4a6b-bad3-abf3c9a240dc,false,AwsServiceEvent,274815321855,Management
,,2022-10-05T16:48:12Z,cognito-idp.amazonaws.com,CognitoAuthentication,us-east-1,198.21.223.36,"Mozilla/5.0 (Macintosh; Intel Mac OS X 10_15_7) AppleWebKit/537.36 (KHTML, like Gecko) Chrome/105.0.0.0 Safari/537.36",,[],0c0c3e3c-fd2d-471f-86ec-31664d7a2e24,ad9b234e-4d62-4a7c-a6ac-d395c550b61d,false,AwsServiceEvent,274815321855,Management
,,2022-10-05T16:36:53Z,cognito-idp.amazonaws.com,CognitoAuthentication,us-east-1,198.21.223.36,"Mozilla/5.0 (Macintosh; Intel Mac OS X 10_15_7) AppleWebKit/537.36 (KHTML, like Gecko) Chrome/105.0.0.0 Safari/537.36",,[],58e84d6c-a2b8-499b-9610-c92c3ace3db3,81a654d9-cade-4844-8aa1-f317ffb6c10f,false,AwsServiceEvent,274815321855,Management
,,2022-10-05T16:32:07Z,cognito-idp.amazonaws.com,CognitoAuthentication,us-east-1,198.21.223.36,"Mozilla/5.0 (Macintosh; Intel Mac OS X 10_15_7) AppleWebKit/537.36 (KHTML, like Gecko) Chrome/105.0.0.0 Safari/537.36",,[],20fde096-bc6d-4ac2-a75b-3941f037cc18,36967c28-49ee-4f12-9038-b75fa8937c61,false,AwsServiceEvent,274815321855,Management
,,2022-10-05T15:00:54Z,cognito-idp.amazonaws.com,CognitoAuthentication,us-east-1,198.21.223.36,"Mozilla/5.0 (Macintosh; Intel Mac OS X 10_15_7) AppleWebKit/537.36 (KHTML, like Gecko) Chrome/105.0.0.0 Safari/537.36",,[],ebfedc8b-8773-453a-85e3-424eb6d75351,54976ac7-ce19-4703-a6ec-784079a3138f,false,AwsServiceEvent,274815321855,Management
,,2022-10-05T14:46:16Z,cognito-idp.amazonaws.com,CognitoAuthentication,us-east-1,198.21.233.7,"Mozilla/5.0 (Macintosh; Intel Mac OS X 10_15_7) AppleWebKit/605.1.15 (KHTML, like Gecko) Version/16.0 Safari/605.1.15",,[],6074cc88-fdb9-4551-bd30-79592a861a01,be4d740a-d5ad-45c4-adbb-8d9c86d19124,false,AwsServiceEvent,274815321855,Management
,,2022-10-05T14:46:02Z,cognito-idp.amazonaws.com,CognitoAuthentication,us-east-1,198.21.233.7,"Mozilla/5.0 (Macintosh; Intel Mac OS X 10_15_7) AppleWebKit/605.1.15 (KHTML, like Gecko) Version/16.0 Safari/605.1.15",,[],ec4d43d4-d31e-499e-ab8c-cd3cc43c0dbc,27a969f1-1ca2-42ba-b068-78fb5ec7c197,false,AwsServiceEvent,274815321855,Management
,,2022-10-04T19:31:08Z,cognito-idp.amazonaws.com,CognitoAuthentication,us-east-1,198.21.216.240,"Mozilla/5.0 (Macintosh; Intel Mac OS X 10_15_7) AppleWebKit/537.36 (KHTML, like Gecko) Chrome/105.0.0.0 Safari/537.36",,[],30eb3f81-fce9-44af-a83c-ae9a840f567a,0ecbd66d-d877-4205-a32c-e9ce0906c6e3,false,AwsServiceEvent,274815321855,Management
,,2022-10-04T19:17:57Z,cognito-idp.amazonaws.com,CognitoAuthentication,us-east-1,198.21.216.240,"Mozilla/5.0 (Macintosh; Intel Mac OS X 10_15_7) AppleWebKit/537.36 (KHTML, like Gecko) Chrome/105.0.0.0 Safari/537.36",,[],59d4de57-5609-4100-96dd-2e15bb6ad20b,d9e1a4e3-4727-413e-a9ab-516ab62f7ba3,false,AwsServiceEvent,274815321855,Management
,,2022-10-04T18:58:31Z,cognito-idp.amazonaws.com,CognitoAuthentication,us-east-1,198.21.216.240,"Mozilla/5.0 (Macintosh; Intel Mac OS X 10_15_7) AppleWebKit/537.36 (KHTML, like Gecko) Chrome/105.0.0.0 Safari/537.36",,[],1f1c4048-f496-4b19-a4f1-fad8129daeac,89bd6f3c-42b4-4ac2-9c16-12bcb7d8e0c9,false,AwsServiceEvent,274815321855,Management
,,2022-10-04T18:45:42Z,cognito-idp.amazonaws.com,CognitoAuthentication,us-east-1,198.21.216.240,"Mozilla/5.0 (Macintosh; Intel Mac OS X 10_15_7) AppleWebKit/537.36 (KHTML, like Gecko) Chrome/105.0.0.0 Safari/537.36",,[],6afbe6af-474c-416e-9244-e5c35225e3b7,adc63f46-2c3e-43b2-ae56-be3112650d14,false,AwsServiceEvent,274815321855,Management
,,2022-10-04T18:45:22Z,cognito-idp.amazonaws.com,CognitoAuthentication,us-east-1,198.21.216.240,"Mozilla/5.0 (Macintosh; Intel Mac OS X 10_15_7) AppleWebKit/537.36 (KHTML, like Gecko) Chrome/105.0.0.0 Safari/537.36",,[],d6dd3e47-c3a7-4c75-8209-26d350fd5c74,28902bb2-ad17-4436-8edd-675b12704f88,false,AwsServiceEvent,274815321855,Management
,,2022-10-04T18:36:29Z,cognito-idp.amazonaws.com,CognitoAuthentication,us-east-1,198.21.216.240,"Mozilla/5.0 (Macintosh; Intel Mac OS X 10_15_7) AppleWebKit/537.36 (KHTML, like Gecko) Chrome/105.0.0.0 Safari/537.36",,[],9517e986-b7f7-4aa7-9e0c-17a9cc82cf82,f48fc147-9ac7-4466-8f9e-adbef776d347,false,AwsServiceEvent,274815321855,Management
,,2022-10-04T15:50:19Z,cognito-idp.amazonaws.com,CognitoAuthentication,us-east-1,198.21.216.240,"Mozilla/5.0 (Macintosh; Intel Mac OS X 10_15_7) AppleWebKit/537.36 (KHTML, like Gecko) Chrome/105.0.0.0 Safari/537.36",,[],7f4efd84-8d1a-4b8b-9016-33ae50799af9,b9272a24-7dda-42a0-9b3d-cffd26ae8767,false,AwsServiceEvent,274815321855,Management
,,2022-10-04T15:33:02Z,cognito-idp.amazonaws.com,CognitoAuthentication,us-east-1,198.21.216.240,"Mozilla/5.0 (Macintosh; Intel Mac OS X 10_15_7) AppleWebKit/537.36 (KHTML, like Gecko) Chrome/105.0.0.0 Safari/537.36",,[],88f4f248-e4b3-49a1-9bd0-2da2b8456912,39bac34d-e0b1-4a6c-98c0-424ef8243377,false,AwsServiceEvent,274815321855,Management
,,2022-10-04T15:26:04Z,cognito-idp.amazonaws.com,CognitoAuthentication,us-east-1,198.21.216.240,"Mozilla/5.0 (Macintosh; Intel Mac OS X 10_15_7) AppleWebKit/537.36 (KHTML, like Gecko) Chrome/105.0.0.0 Safari/537.36",,[],bbfdc742-9112-4ca2-8390-7bc0c56677f3,7db9b210-4d50-408d-a98f-34c45dc8998a,false,AwsServiceEvent,274815321855,Management
,,2022-10-04T00:54:14Z,cognito-idp.amazonaws.com,CognitoAuthentication,us-east-1,75.143.238.242,"Mozilla/5.0 (Windows NT 10.0; Win64; x64) AppleWebKit/537.36 (KHTML, like Gecko) Chrome/105.0.0.0 Safari/537.36 Edg/105.0.1343.33",,[],742744bf-ebec-4b43-9773-aa44da062b2f,82368099-66e2-4063-88ba-accd92982288,false,AwsServiceEvent,274815321855,Management
,,2022-10-04T00:33:38Z,cognito-idp.amazonaws.com,CognitoAuthentication,us-east-1,75.143.238.242,"Mozilla/5.0 (Windows NT 10.0; Win64; x64) AppleWebKit/537.36 (KHTML, like Gecko) Chrome/105.0.0.0 Safari/537.36 Edg/105.0.1343.33",,[],cc3b2830-baa0-46f1-bbd8-2f7139597d4d,4a85cbeb-542a-449d-a0a3-5673823bf98e,false,AwsServiceEvent,274815321855,Management
,,2022-09-29T19:48:48Z,cognito-idp.amazonaws.com,CognitoAuthentication,us-east-1,198.21.249.0,"Mozilla/5.0 (Windows NT 10.0; Win64; x64) AppleWebKit/537.36 (KHTML, like Gecko) Chrome/105.0.0.0 Safari/537.36",,[],4064ade5-18ff-4cbd-8c15-94784e338537,c90703ed-1f47-4441-9ebf-bbe0c301d04f,false,AwsServiceEvent,274815321855,Management
,,2022-09-29T17:33:50Z,cognito-idp.amazonaws.com,CognitoAuthentication,us-east-1,75.143.238.242,"Mozilla/5.0 (Macintosh; Intel Mac OS X 10_15_7) AppleWebKit/605.1.15 (KHTML, like Gecko) Version/16.0 Safari/605.1.15",,[],217efddb-ce13-429f-9a4a-1762dbdcba55,30b0249e-3742-49e2-9a0d-d2612131eb53,false,AwsServiceEvent,274815321855,Management
,,2022-09-29T16:58:13Z,cognito-idp.amazonaws.com,CognitoAuthentication,us-east-1,75.143.238.242,"Mozilla/5.0 (Macintosh; Intel Mac OS X 10_15_7) AppleWebKit/605.1.15 (KHTML, like Gecko) Version/16.0 Safari/605.1.15",,[],dffa4631-b974-456d-b2a0-3e9d3f7f9774,9184cc1c-20b2-47f6-bb8d-f555c151ed6e,false,AwsServiceEvent,274815321855,Management
,,2022-09-28T22:20:35Z,cognito-idp.amazonaws.com,CognitoAuthentication,us-east-1,75.143.238.242,"Mozilla/5.0 (Macintosh; Intel Mac OS X 10_15_7) AppleWebKit/605.1.15 (KHTML, like Gecko) Version/16.0 Safari/605.1.15",,[],afda76b5-98e5-4103-8423-5277494ebb45,1d4b9e65-6daa-4ba8-940a-897fcf5d3636,false,AwsServiceEvent,274815321855,Management
,,2022-09-28T22:18:25Z,cognito-idp.amazonaws.com,CognitoAuthentication,us-east-1,75.143.238.242,"Mozilla/5.0 (Macintosh; Intel Mac OS X 10_15_7) AppleWebKit/605.1.15 (KHTML, like Gecko) Version/16.0 Safari/605.1.15",,[],94c318bf-6f0d-4675-b269-881c2dcfbd3d,d1aee6f6-17fd-4560-b0f5-b0bcf2c3ac1d,false,AwsServiceEvent,274815321855,Management
,,2022-09-28T22:18:15Z,cognito-idp.amazonaws.com,CognitoAuthentication,us-east-1,75.143.238.242,"Mozilla/5.0 (Macintosh; Intel Mac OS X 10_15_7) AppleWebKit/605.1.15 (KHTML, like Gecko) Version/16.0 Safari/605.1.15",,[],44243622-322c-4ab7-b28b-9f06732de9ac,aec12e97-00f0-430f-b215-71cfa6cb0cc7,false,AwsServiceEvent,274815321855,Management
,,2022-09-28T22:05:24Z,cognito-idp.amazonaws.com,CognitoAuthentication,us-east-1,75.143.238.242,"Mozilla/5.0 (Macintosh; Intel Mac OS X 10_15_7) AppleWebKit/605.1.15 (KHTML, like Gecko) Version/16.0 Safari/605.1.15",,[],766372fd-22cc-45f1-a943-4944b731db54,95c4a22f-3d6f-46b0-ba3a-723a641bb223,false,AwsServiceEvent,274815321855,Management
,,2022-09-28T22:04:00Z,cognito-idp.amazonaws.com,CognitoAuthentication,us-east-1,75.143.238.242,"Mozilla/5.0 (Macintosh; Intel Mac OS X 10_15_7) AppleWebKit/605.1.15 (KHTML, like Gecko) Version/16.0 Safari/605.1.15",,[],bccf0d9e-19e4-4acd-9363-ed8bc3dd9cbf,905da5db-a8eb-41f9-baae-bd6c4d4beb01,false,AwsServiceEvent,274815321855,Management
,,2022-09-28T21:25:27Z,cognito-idp.amazonaws.com,CognitoAuthentication,us-east-1,75.143.238.242,"Mozilla/5.0 (Macintosh; Intel Mac OS X 10_15_7) AppleWebKit/605.1.15 (KHTML, like Gecko) Version/16.0 Safari/605.1.15",,[],3fe26a56-8e09-4975-b4bf-3669c0dca42b,6b1e0971-0b05-42f0-96ba-0b83336ae83f,false,AwsServiceEvent,274815321855,Management
,,2022-09-28T21:21:20Z,cognito-idp.amazonaws.com,CognitoAuthentication,us-east-1,75.143.238.242,"Mozilla/5.0 (Macintosh; Intel Mac OS X 10_15_7) AppleWebKit/605.1.15 (KHTML, like Gecko) Version/16.0 Safari/605.1.15",,[],2802f585-9778-4959-8433-2eb2ded80dbe,845ee9c0-ba88-42bb-8543-74a5f7be5422,false,AwsServiceEvent,274815321855,Management
,,2022-09-28T18:15:50Z,cognito-idp.amazonaws.com,CognitoAuthentication,us-east-1,75.143.238.242,"Mozilla/5.0 (Macintosh; Intel Mac OS X 10_15_7) AppleWebKit/605.1.15 (KHTML, like Gecko) Version/16.0 Safari/605.1.15",,[],54a8fe30-de80-4f0e-81d6-86a53a0bee2f,d4ed3a7b-e0b3-403a-9724-885225c4bc98,false,AwsServiceEvent,274815321855,Management
,,2022-09-28T18:15:14Z,cognito-idp.amazonaws.com,CognitoAuthentication,us-east-1,75.143.238.242,"Mozilla/5.0 (Macintosh; Intel Mac OS X 10_15_7) AppleWebKit/605.1.15 (KHTML, like Gecko) Version/16.0 Safari/605.1.15",,[],03ebae25-ee0e-46a3-bb9e-f3a5f1a70e4e,d9674337-1607-49b1-9ab5-17c1b72d7f70,false,AwsServiceEvent,274815321855,Management
,,2022-09-28T18:07:29Z,cognito-idp.amazonaws.com,CognitoAuthentication,us-east-1,75.143.238.242,"Mozilla/5.0 (Macintosh; Intel Mac OS X 10_15_7) AppleWebKit/605.1.15 (KHTML, like Gecko) Version/16.0 Safari/605.1.15",,[],057a356a-e428-4308-8e75-2bd9c6b1f928,f5193513-0449-4251-917b-def77cbf4349,false,AwsServiceEvent,274815321855,Management
,,2022-09-28T18:05:30Z,cognito-idp.amazonaws.com,CognitoAuthentication,us-east-1,75.143.238.242,"Mozilla/5.0 (Macintosh; Intel Mac OS X 10_15_7) AppleWebKit/605.1.15 (KHTML, like Gecko) Version/16.0 Safari/605.1.15",,[],c13decee-98ee-43cc-813b-553ddee5eefb,52332c34-7748-4ac4-bd51-50ddc77f3090,false,AwsServiceEvent,274815321855,Management
,,2022-09-28T18:05:02Z,cognito-idp.amazonaws.com,CognitoAuthentication,us-east-1,75.143.238.242,"Mozilla/5.0 (Macintosh; Intel Mac OS X 10_15_7) AppleWebKit/605.1.15 (KHTML, like Gecko) Version/16.0 Safari/605.1.15",,[],043c28c4-1ff7-4ac8-bb13-2ea4b6e90f0d,d1cddf6f-27a0-47e8-8550-4228b03cbe09,false,AwsServiceEvent,274815321855,Management
,,2022-09-28T18:03:34Z,cognito-idp.amazonaws.com,CognitoAuthentication,us-east-1,75.143.238.242,"Mozilla/5.0 (Macintosh; Intel Mac OS X 10_15_7) AppleWebKit/605.1.15 (KHTML, like Gecko) Version/16.0 Safari/605.1.15",,[],4f3f7f0b-b15e-4a26-ba6f-067c1776f94a,11017a4d-915d-49ba-bff3-1c97ed9efa03,false,AwsServiceEvent,274815321855,Management
,,2022-09-28T18:03:05Z,cognito-idp.amazonaws.com,CognitoAuthentication,us-east-1,75.143.238.242,"Mozilla/5.0 (Macintosh; Intel Mac OS X 10_15_7) AppleWebKit/605.1.15 (KHTML, like Gecko) Version/16.0 Safari/605.1.15",,[],f0f81dd7-daf2-4cc7-9ecb-98f250077dde,f7543a89-70b5-4110-9e46-847ae5d8349d,false,AwsServiceEvent,274815321855,Management
,,2022-09-28T18:03:02Z,cognito-idp.amazonaws.com,CognitoAuthentication,us-east-1,75.143.238.242,"Mozilla/5.0 (Macintosh; Intel Mac OS X 10_15_7) AppleWebKit/605.1.15 (KHTML, like Gecko) Version/16.0 Safari/605.1.15",,[],e1af2ce4-5f2c-4331-a46e-654a12965540,38755b69-f2a4-41bf-b194-d7b92dcd99cd,false,AwsServiceEvent,274815321855,Management
,,2022-09-28T17:58:33Z,cognito-idp.amazonaws.com,CognitoAuthentication,us-east-1,75.143.238.242,"Mozilla/5.0 (Macintosh; Intel Mac OS X 10_15_7) AppleWebKit/605.1.15 (KHTML, like Gecko) Version/16.0 Safari/605.1.15",,[],032cb975-c09e-4c6f-899d-20d4ad8469c5,d54cdd55-ef65-4b0f-ac02-7a955d79c274,false,AwsServiceEvent,274815321855,Management
,,2022-09-28T17:55:05Z,cognito-idp.amazonaws.com,CognitoAuthentication,us-east-1,75.143.238.242,"Mozilla/5.0 (Macintosh; Intel Mac OS X 10_15_7) AppleWebKit/605.1.15 (KHTML, like Gecko) Version/16.0 Safari/605.1.15",,[],3cb2fb7c-af00-48a2-9b47-aa799875ff43,362c8577-5b00-4207-8a97-f9cac650f31b,false,AwsServiceEvent,274815321855,Management
,,2022-09-28T17:53:51Z,cognito-idp.amazonaws.com,CognitoAuthentication,us-east-1,75.143.238.242,"Mozilla/5.0 (Macintosh; Intel Mac OS X 10_15_7) AppleWebKit/605.1.15 (KHTML, like Gecko) Version/16.0 Safari/605.1.15",,[],db142a57-8a79-4501-8c98-df40193fe6f4,7c7724e1-e585-4295-a7fd-7e29564c8781,false,AwsServiceEvent,274815321855,Management
,,2022-09-28T14:53:22Z,cognito-idp.amazonaws.com,CognitoAuthentication,us-east-1,198.21.253.64,"Mozilla/5.0 (Macintosh; Intel Mac OS X 10_15_7) AppleWebKit/605.1.15 (KHTML, like Gecko) Version/16.0 Safari/605.1.15",,[],b387bb91-a0f5-4e08-a6a7-f3793ef00a16,c706f899-c94d-4c65-a413-5b82a67ceabf,false,AwsServiceEvent,274815321855,Management
,,2022-09-28T04:43:13Z,cognito-idp.amazonaws.com,CognitoAuthentication,us-east-1,67.21.186.204,"Mozilla/5.0 (Windows NT 10.0; Win64; x64) AppleWebKit/537.36 (KHTML, like Gecko) Chrome/105.0.0.0 Safari/537.36",,[],cb46156c-ed05-456f-a545-741ceb20d2d9,ff74c7b3-ca4e-496f-9cf3-3069d603e04f,false,AwsServiceEvent,274815321855,Management
,,2022-09-28T04:43:04Z,cognito-idp.amazonaws.com,CognitoAuthentication,us-east-1,67.21.186.204,"Mozilla/5.0 (Windows NT 10.0; Win64; x64) AppleWebKit/537.36 (KHTML, like Gecko) Chrome/105.0.0.0 Safari/537.36",,[],bcff1d05-3d6d-4306-ab2d-e10735ebf31e,1f5e88a6-eb32-4885-8857-fb5f49371211,false,AwsServiceEvent,274815321855,Management
,,2022-09-28T04:42:50Z,cognito-idp.amazonaws.com,CognitoAuthentication,us-east-1,67.21.186.204,"Mozilla/5.0 (Windows NT 10.0; Win64; x64) AppleWebKit/537.36 (KHTML, like Gecko) Chrome/105.0.0.0 Safari/537.36",,[],3b728238-f65e-44a4-a61c-4b3dfae8b7ae,fa13500b-ba0d-4151-8c4f-35450dc8d9e8,false,AwsServiceEvent,274815321855,Management
,,2022-09-28T00:04:58Z,cognito-idp.amazonaws.com,CognitoAuthentication,us-east-1,75.143.238.242,"Mozilla/5.0 (Macintosh; Intel Mac OS X 10_15_7) AppleWebKit/605.1.15 (KHTML, like Gecko) Version/16.0 Safari/605.1.15",,[],f2d18f52-dfc9-4bd9-a9ae-402cf914f033,ece49cdf-95d5-4fbf-aa10-6acb133101e1,false,AwsServiceEvent,274815321855,Management
,,2022-09-27T23:56:16Z,cognito-idp.amazonaws.com,CognitoAuthentication,us-east-1,75.143.238.242,"Mozilla/5.0 (Macintosh; Intel Mac OS X 10_15_7) AppleWebKit/605.1.15 (KHTML, like Gecko) Version/16.0 Safari/605.1.15",,[],9e5709b1-d12a-4744-bcec-63caed8eb8c5,924749d6-fde3-48db-9853-ac62a645b276,false,AwsServiceEvent,274815321855,Management
,,2022-09-27T19:31:19Z,cognito-idp.amazonaws.com,CognitoAuthentication,us-east-1,198.21.219.71,"Mozilla/5.0 (Macintosh; Intel Mac OS X 10_15_7) AppleWebKit/537.36 (KHTML, like Gecko) Chrome/105.0.0.0 Safari/537.36",,[],7a7341e2-27c2-4f78-869c-24b13bce0130,df9b6182-bfaf-456b-b043-83b2ff74b277,false,AwsServiceEvent,274815321855,Management
,,2022-09-26T23:26:55Z,cognito-idp.amazonaws.com,CognitoAuthentication,us-east-1,67.21.186.238,"Mozilla/5.0 (iPhone; CPU iPhone OS 15_6 like Mac OS X) AppleWebKit/605.1.15 (KHTML, like Gecko) CriOS/105.0.5195.147 Mobile/15E148 Safari/604.1",,[],548eb326-7ac4-4de0-a117-ad655e5e1b8b,63668946-aadf-4928-92fd-3aa8b18859b2,false,AwsServiceEvent,274815321855,Management
,,2022-09-25T06:41:11Z,cognito-idp.amazonaws.com,CognitoAuthentication,us-east-1,67.21.186.204,"Mozilla/5.0 (Windows NT 10.0; Win64; x64) AppleWebKit/537.36 (KHTML, like Gecko) Chrome/105.0.0.0 Safari/537.36",,[],e0ab3de7-da0f-4ba8-8caf-1f3d7d6ce5be,20c32385-5745-4537-a4d8-70555c9799e7,false,AwsServiceEvent,274815321855,Management
,,2022-09-23T01:11:32Z,cognito-idp.amazonaws.com,CognitoAuthentication,us-east-1,96.33.90.243,"Mozilla/5.0 (Macintosh; Intel Mac OS X 10_15_7) AppleWebKit/605.1.15 (KHTML, like Gecko) Version/16.0 Safari/605.1.15",,[],e43b4ec2-8708-4e54-8f3b-03dc6c5bd952,80d1b9b2-4bd7-45b4-b8c1-61327dac9dbe,false,AwsServiceEvent,274815321855,Management
,,2022-09-23T01:11:09Z,cognito-idp.amazonaws.com,CognitoAuthentication,us-east-1,96.33.90.243,"Mozilla/5.0 (iPhone; CPU iPhone OS 16_0 like Mac OS X) AppleWebKit/605.1.15 (KHTML, like Gecko) Version/16.0 Mobile/15E148 Safari/604.1",,[],2a81a20e-a98f-459c-bd92-93f25ae8b64d,8d0fec5c-f7da-4cbb-aa78-9f8dca850cab,false,AwsServiceEvent,274815321855,Management
,,2022-09-23T00:06:17Z,cognito-idp.amazonaws.com,CognitoAuthentication,us-east-1,75.143.238.242,"Mozilla/5.0 (Macintosh; Intel Mac OS X 10_15_7) AppleWebKit/605.1.15 (KHTML, like Gecko) Version/16.0 Safari/605.1.15",,[],a06f21e0-a064-4e36-9cbc-57bef001fd95,eefba9de-1522-4d84-8e7b-ee7c3487642f,false,AwsServiceEvent,274815321855,Management
,,2022-09-21T16:41:10Z,cognito-idp.amazonaws.com,CognitoAuthentication,us-east-1,198.21.220.159,"Mozilla/5.0 (Macintosh; Intel Mac OS X 10_15_7) AppleWebKit/537.36 (KHTML, like Gecko) Chrome/105.0.0.0 Safari/537.36",,[],9db01683-76e3-46a4-8945-6af4bdb87348,4213740c-7bf0-41b2-b1a8-ccfc3666586b,false,AwsServiceEvent,274815321855,Management
,,2022-09-21T16:39:34Z,cognito-idp.amazonaws.com,CognitoAuthentication,us-east-1,198.21.220.159,"Mozilla/5.0 (Macintosh; Intel Mac OS X 10_15_7) AppleWebKit/537.36 (KHTML, like Gecko) Chrome/105.0.0.0 Safari/537.36",,[],3b5f19fa-10e2-4e62-8557-26ae70caac2d,9d5f760e-22de-4391-97b5-f845f51b0002,false,AwsServiceEvent,274815321855,Management
,,2022-09-19T13:50:29Z,cognito-idp.amazonaws.com,CognitoAuthentication,us-east-1,198.21.233.190,"Mozilla/5.0 (Macintosh; Intel Mac OS X 10_15_7) AppleWebKit/605.1.15 (KHTML, like Gecko) Version/15.6.1 Safari/605.1.15",,[],1abaf832-d575-45e9-bccd-3c9e6e2c6026,80526117-f7b8-40bc-98a6-cf362336bc1d,false,AwsServiceEvent,274815321855,Management
,,2022-09-19T01:05:04Z,cognito-idp.amazonaws.com,CognitoAuthentication,us-east-1,96.33.90.243,"Mozilla/5.0 (Macintosh; Intel Mac OS X 10_15_7) AppleWebKit/605.1.15 (KHTML, like Gecko) Version/15.6.1 Safari/605.1.15",,[],b34cb3a3-56b5-47a7-903e-17422727140f,96d98fe0-6637-426b-9c84-cdccd553d526,false,AwsServiceEvent,274815321855,Management
,,2022-09-19T00:38:51Z,cognito-idp.amazonaws.com,CognitoAuthentication,us-east-1,96.33.90.243,"Mozilla/5.0 (Macintosh; Intel Mac OS X 10_15_7) AppleWebKit/605.1.15 (KHTML, like Gecko) Version/15.6.1 Safari/605.1.15",,[],b3628020-b679-4174-a909-7ebf22efd449,55d8063d-bde5-4f43-a382-58edcb78edc0,false,AwsServiceEvent,274815321855,Management
,,2022-09-14T15:29:21Z,cognito-idp.amazonaws.com,CognitoAuthentication,us-east-1,198.21.211.94,"Mozilla/5.0 (Macintosh; Intel Mac OS X 10_15_7) AppleWebKit/605.1.15 (KHTML, like Gecko) Version/16.1 Safari/605.1.15",,[],64264aa3-68f2-4f00-a85f-45e34409075f,ee9d710e-6418-4bd3-9751-14fb6ab1952c,false,AwsServiceEvent,274815321855,Management